system_id,feature_property_id,ProjektNr,Befu,feature_property_type,feature_property_value
1,,18_0025,P16,GrJahrBefu,2018
2,,18_0025,P18,GrJahrBefu,2018
3,,18_0025,P20,GrJahrBefu,2018
4,,18_0025,P5,GrJahrBefu,2018
5,,18_0025,P6,GrJahrBefu,2018
6,,19_0013,A11148,GrJahrBefu,2018
7,,19_0013,A479,GrJahrBefu,2018
8,,19_0013,A6214,GrJahrBefu,2018
9,,19_0013,A8090,GrJahrBefu,2018
10,,19_0013,A9063,GrJahrBefu,2018
11,,19_0014,A10143,GrJahrBefu,2018
12,,19_0014,A10153,GrJahrBefu,2018
13,,19_0014,A10189,GrJahrBefu,2018
14,,19_0014,A10229,GrJahrBefu,2018
15,,19_0014,A10697,GrJahrBefu,2018
16,,19_0014,A10990,GrJahrBefu,2018
17,,19_0014,A11339,GrJahrBefu,2018
18,,19_0014,A1196,GrJahrBefu,2018
19,,19_0014,A12024,GrJahrBefu,2018
20,,19_0014,A12034,GrJahrBefu,2018
21,,19_0014,A12435,GrJahrBefu,2018
22,,19_0014,A13064,GrJahrBefu,2018
23,,19_0014,A13200,GrJahrBefu,2018
24,,19_0014,A13299,GrJahrBefu,2018
25,,19_0014,A13837,GrJahrBefu,2018
26,,19_0014,A15333,GrJahrBefu,2018
27,,19_0014,A15344,GrJahrBefu,2018
28,,19_0014,A15554,GrJahrBefu,2018
29,,19_0014,A15736,GrJahrBefu,2018
30,,19_0014,A16771,GrJahrBefu,2018
31,,19_0014,A16783,GrJahrBefu,2018
32,,19_0014,A17294,GrJahrBefu,2018
33,,19_0014,A1875,GrJahrBefu,2018
34,,19_0014,A1931,GrJahrBefu,2018
35,,19_0014,A1998,GrJahrBefu,2018
36,,19_0014,A2019,GrJahrBefu,2018
37,,19_0014,A2029,GrJahrBefu,2018
38,,19_0014,A2114,GrJahrBefu,2018
39,,19_0014,A3019,GrJahrBefu,2018
40,,19_0014,A3170,GrJahrBefu,2018
41,,19_0014,A3650,GrJahrBefu,2018
42,,19_0014,A4115,GrJahrBefu,2018
43,,19_0014,A4365,GrJahrBefu,2018
44,,19_0014,A5192,GrJahrBefu,2018
45,,19_0014,A5213,GrJahrBefu,2018
46,,19_0014,A5223,GrJahrBefu,2018
47,,19_0014,A5254,GrJahrBefu,2018
48,,19_0014,A5282,GrJahrBefu,2018
49,,19_0014,A5294,GrJahrBefu,2018
50,,19_0014,A5307,GrJahrBefu,2018
51,,19_0014,A5334,GrJahrBefu,2018
52,,19_0014,A6041,GrJahrBefu,2018
53,,19_0014,A6135,GrJahrBefu,2018
54,,19_0014,A6146,GrJahrBefu,2018
55,,19_0014,A6157,GrJahrBefu,2018
56,,19_0014,A6178,GrJahrBefu,2018
57,,19_0014,A6194,GrJahrBefu,2018
58,,19_0014,A7199,GrJahrBefu,2018
59,,19_0014,A7253,GrJahrBefu,2018
60,,19_0014,A7263,GrJahrBefu,2018
61,,19_0014,A7294,GrJahrBefu,2018
62,,19_0014,A7306,GrJahrBefu,2018
63,,19_0014,A785,GrJahrBefu,2018
64,,19_0014,A8079,GrJahrBefu,2018
65,,19_0014,A8103,GrJahrBefu,2018
66,,19_0014,A8114,GrJahrBefu,2018
67,,19_0014,A8142,GrJahrBefu,2018
68,,19_0014,A8178,GrJahrBefu,2018
69,,19_0014,A8189,GrJahrBefu,2018
70,,19_0014,A8234,GrJahrBefu,2018
71,,19_0014,A9000,GrJahrBefu,2018
72,,19_0014,A9052,GrJahrBefu,2018
73,,19_0014,A9075,GrJahrBefu,2018
74,,19_0014,A9111,GrJahrBefu,2018
75,,19_0014,A9126,GrJahrBefu,2018
76,,19_0014,A9199,GrJahrBefu,2018
77,,19_0014,A957,GrJahrBefu,2018
78,,19_0014,A973,GrJahrBefu,2018
79,,19_0014,A9847,GrJahrBefu,2018
80,,22_0005,11200,GrJahrBefu,2021
81,,22_0005,11201,GrJahrBefu,2021
82,,22_0005,11221,GrJahrBefu,2021
83,,22_0005,12026,GrJahrBefu,2021
84,,22_0005,200125,GrJahrBefu,2021
85,,22_0005,200149,GrJahrBefu,2021
86,,22_0005,200177,GrJahrBefu,2021
87,,22_0005,200473,GrJahrBefu,2021
88,,22_0005,200475,GrJahrBefu,2021
89,,22_0005,23362,GrJahrBefu,2021
90,,22_0005,23434,GrJahrBefu,2021
91,,22_0005,23491,GrJahrBefu,2021
92,,22_0005,23988,GrJahrBefu,2021
93,,22_0015,A2076,GrJahrBefu,2021
94,,22_0015,A2154,GrJahrBefu,2021
95,,22_0015,A2874 G2976,GrJahrBefu,2021
96,,22_0015,A4796,GrJahrBefu,2021
97,,22_0015,M153 St 1,GrJahrBefu,2021
98,,22_0015,M153 St 2,GrJahrBefu,2021
99,,22_0015,M160 St 1,GrJahrBefu,2021
100,,22_0015,M167 St 1,GrJahrBefu,2021
101,,22_0015,M167 St 2,GrJahrBefu,2021
102,,22_0015,M167 St 3,GrJahrBefu,2021
103,,22_0015,M167 St 4,GrJahrBefu,2021
104,,22_0015,M32 Undre del,GrJahrBefu,2021
105,,22_0015,M32 Övre del,GrJahrBefu,2021
106,,22_0015,M99 A5085,GrJahrBefu,2021
107,,DanaBunar2,31,GrJahrBefu,2000
108,,DanaBunar2,32,GrJahrBefu,2000
109,,DanaBunar2,33,GrJahrBefu,2000
110,,DanaBunar2,37,GrJahrBefu,2000
111,,DanaBunar2,38,GrJahrBefu,2000
112,,DanaBunar2,39,GrJahrBefu,2000
113,,DanaBunar2,41,GrJahrBefu,2000
114,,DanaBunar2,42,GrJahrBefu,2000
115,,DanaBunar2,44,GrJahrBefu,2000
116,,DanaBunar2,46,GrJahrBefu,2000
117,,DanaBunar2,47,GrJahrBefu,2000
118,,DanaBunar2,55,GrJahrBefu,2000
119,,DanaBunar2,58,GrJahrBefu,2000
120,,DanaBunar2,64,GrJahrBefu,2000
121,,Iswid,2709_fond,GrJahrBefu,2013
122,,Iswid,2905 fond,GrJahrBefu,
123,,Iswid,2913 fond,GrJahrBefu,2013
124,,Iswid,foyer 2174,GrJahrBefu,2013
125,,Iswid,US 10503,GrJahrBefu,2013
126,,Iswid,US 10521,GrJahrBefu,2013
127,,Iswid,US 10534,GrJahrBefu,2013
128,,Iswid,US 10610,GrJahrBefu,
129,,Iswid,US 11004,GrJahrBefu,
130,,Iswid,US 11012,GrJahrBefu,
131,,Iswid,US 11067,GrJahrBefu,2013
132,,Iswid,US 12025,GrJahrBefu,2013
133,,Iswid,US 12040,GrJahrBefu,
134,,Iswid,US 12047,GrJahrBefu,2013
135,,Iswid,US 12504,GrJahrBefu,2013
136,,Iswid,US 13017,GrJahrBefu,2015-2016
137,,Iswid,US 13065,GrJahrBefu,
138,,Iswid,US 13066,GrJahrBefu,
139,,Iswid,US 13083,GrJahrBefu,
140,,Iswid,US 13099,GrJahrBefu,
141,,Iswid,US 13145,GrJahrBefu,
142,,Iswid,US 13516,GrJahrBefu,
143,,Iswid,US 13526,GrJahrBefu,
144,,Iswid,US 13572,GrJahrBefu,
145,,Iswid,US 13610,GrJahrBefu,
146,,Iswid,US 13632,GrJahrBefu,
147,,Iswid,US 13639,GrJahrBefu,
148,,Iswid,US 13657,GrJahrBefu,
149,,Iswid,US 13705,GrJahrBefu,
150,,Iswid,US 13791,GrJahrBefu,
151,,Iswid,US 13791 (3),GrJahrBefu,
152,,Iswid,US 13802,GrJahrBefu,
153,,Iswid,US 13971,GrJahrBefu,
154,,Iswid,US 14021,GrJahrBefu,
155,,Iswid,US 14038,GrJahrBefu,
156,,Iswid,US 14050,GrJahrBefu,
157,,Iswid,US 14078,GrJahrBefu,
158,,Iswid,US 14131,GrJahrBefu,
159,,Iswid,US 14158,GrJahrBefu,
160,,Iswid,US 14418,GrJahrBefu,
161,,Iswid,US 14495,GrJahrBefu,2016
162,,Iswid,US 14509,GrJahrBefu,2016
163,,Iswid,US 14636,GrJahrBefu,2016
164,,Iswid,US 15067,GrJahrBefu,2017
165,,Iswid,US 15071,GrJahrBefu,2017
166,,Iswid,US 15108,GrJahrBefu,2017
167,,Iswid,US 15140,GrJahrBefu,
168,,Iswid,US 16183,GrJahrBefu,2017
169,,Iswid,US 16287_F4185 (TR.),GrJahrBefu,2017
170,,Iswid,US 16323_F4199(foye,GrJahrBefu,2017
171,,Iswid,US 6712,GrJahrBefu,2010
172,,Iswid,US 6773,GrJahrBefu,2010
173,,Iswid,US 6803,GrJahrBefu,2010
174,,Iswid,US 6810,GrJahrBefu,2010
175,,Iswid,US 6827,GrJahrBefu,2010
176,,Iswid,US 6854,GrJahrBefu,2010
177,,Iswid,US 6863,GrJahrBefu,
178,,Iswid,US 6875,GrJahrBefu,2010
179,,Iswid,US 9036,GrJahrBefu,2010
180,,Iswid,US 9200,GrJahrBefu,2011
181,,Iswid,US 9321,GrJahrBefu,2011
182,,Iswid,US 9404_foyer 2093,GrJahrBefu,2011
183,,Iswid,US 9519,GrJahrBefu,2011
184,,Iswid,US 9859/9860,GrJahrBefu,2012
185,,Iswid,US 9870_foyer2163,GrJahrBefu,2012
186,,Iswid,US 9880_foyer 2166,GrJahrBefu,2012
187,,18_0025,P16,Gebäude,
188,,18_0025,P18,Gebäude,
189,,18_0025,P20,Gebäude,
190,,18_0025,P5,Gebäude,
191,,18_0025,P6,Gebäude,
192,,19_0013,A11148,Gebäude,
193,,19_0013,A479,Gebäude,
194,,19_0013,A6214,Gebäude,
195,,19_0013,A8090,Gebäude,
196,,19_0013,A9063,Gebäude,
197,,19_0014,A10143,Gebäude,
198,,19_0014,A10153,Gebäude,
199,,19_0014,A10189,Gebäude,
200,,19_0014,A10229,Gebäude,
201,,19_0014,A10697,Gebäude,
202,,19_0014,A10990,Gebäude,
203,,19_0014,A11339,Gebäude,
204,,19_0014,A1196,Gebäude,
205,,19_0014,A12024,Gebäude,
206,,19_0014,A12034,Gebäude,
207,,19_0014,A12435,Gebäude,
208,,19_0014,A13064,Gebäude,
209,,19_0014,A13200,Gebäude,
210,,19_0014,A13299,Gebäude,
211,,19_0014,A13837,Gebäude,
212,,19_0014,A15333,Gebäude,
213,,19_0014,A15344,Gebäude,
214,,19_0014,A15554,Gebäude,
215,,19_0014,A15736,Gebäude,
216,,19_0014,A16771,Gebäude,
217,,19_0014,A16783,Gebäude,
218,,19_0014,A17294,Gebäude,
219,,19_0014,A1875,Gebäude,
220,,19_0014,A1931,Gebäude,
221,,19_0014,A1998,Gebäude,
222,,19_0014,A2019,Gebäude,
223,,19_0014,A2029,Gebäude,
224,,19_0014,A2114,Gebäude,
225,,19_0014,A3019,Gebäude,
226,,19_0014,A3170,Gebäude,
227,,19_0014,A3650,Gebäude,
228,,19_0014,A4115,Gebäude,
229,,19_0014,A4365,Gebäude,
230,,19_0014,A5192,Gebäude,
231,,19_0014,A5213,Gebäude,
232,,19_0014,A5223,Gebäude,
233,,19_0014,A5254,Gebäude,
234,,19_0014,A5282,Gebäude,
235,,19_0014,A5294,Gebäude,
236,,19_0014,A5307,Gebäude,
237,,19_0014,A5334,Gebäude,
238,,19_0014,A6041,Gebäude,
239,,19_0014,A6135,Gebäude,
240,,19_0014,A6146,Gebäude,
241,,19_0014,A6157,Gebäude,
242,,19_0014,A6178,Gebäude,
243,,19_0014,A6194,Gebäude,
244,,19_0014,A7199,Gebäude,
245,,19_0014,A7253,Gebäude,
246,,19_0014,A7263,Gebäude,
247,,19_0014,A7294,Gebäude,
248,,19_0014,A7306,Gebäude,
249,,19_0014,A785,Gebäude,
250,,19_0014,A8079,Gebäude,
251,,19_0014,A8103,Gebäude,
252,,19_0014,A8114,Gebäude,
253,,19_0014,A8142,Gebäude,
254,,19_0014,A8178,Gebäude,
255,,19_0014,A8189,Gebäude,
256,,19_0014,A8234,Gebäude,
257,,19_0014,A9000,Gebäude,
258,,19_0014,A9052,Gebäude,
259,,19_0014,A9075,Gebäude,
260,,19_0014,A9111,Gebäude,
261,,19_0014,A9126,Gebäude,
262,,19_0014,A9199,Gebäude,
263,,19_0014,A957,Gebäude,
264,,19_0014,A973,Gebäude,
265,,19_0014,A9847,Gebäude,
266,,22_0005,11200,Gebäude,
267,,22_0005,11201,Gebäude,
268,,22_0005,11221,Gebäude,
269,,22_0005,12026,Gebäude,
270,,22_0005,200125,Gebäude,
271,,22_0005,200149,Gebäude,
272,,22_0005,200177,Gebäude,
273,,22_0005,200473,Gebäude,
274,,22_0005,200475,Gebäude,
275,,22_0005,23362,Gebäude,
276,,22_0005,23434,Gebäude,
277,,22_0005,23491,Gebäude,
278,,22_0005,23988,Gebäude,
279,,22_0015,A2076,Gebäude,?
280,,22_0015,A2154,Gebäude,?
281,,22_0015,A2874 G2976,Gebäude,?
282,,22_0015,A4796,Gebäude,?
283,,22_0015,M153 St 1,Gebäude,?
284,,22_0015,M153 St 2,Gebäude,?
285,,22_0015,M160 St 1,Gebäude,no
286,,22_0015,M167 St 1,Gebäude,?
287,,22_0015,M167 St 2,Gebäude,?
288,,22_0015,M167 St 3,Gebäude,?
289,,22_0015,M167 St 4,Gebäude,?
290,,22_0015,M32 Undre del,Gebäude,?
291,,22_0015,M32 Övre del,Gebäude,?
292,,22_0015,M99 A5085,Gebäude,?
293,,DanaBunar2,31,Gebäude,
294,,DanaBunar2,32,Gebäude,
295,,DanaBunar2,33,Gebäude,
296,,DanaBunar2,37,Gebäude,
297,,DanaBunar2,38,Gebäude,
298,,DanaBunar2,39,Gebäude,
299,,DanaBunar2,41,Gebäude,
300,,DanaBunar2,42,Gebäude,
301,,DanaBunar2,44,Gebäude,
302,,DanaBunar2,46,Gebäude,
303,,DanaBunar2,47,Gebäude,
304,,DanaBunar2,55,Gebäude,
305,,DanaBunar2,58,Gebäude,
306,,DanaBunar2,64,Gebäude,
307,,Iswid,2709_fond,Gebäude,?
308,,Iswid,2905 fond,Gebäude,?
309,,Iswid,2913 fond,Gebäude,?
310,,Iswid,foyer 2174,Gebäude,?
311,,Iswid,US 10503,Gebäude,yes
312,,Iswid,US 10521,Gebäude,?
313,,Iswid,US 10534,Gebäude,?
314,,Iswid,US 10610,Gebäude,?
315,,Iswid,US 11004,Gebäude,?
316,,Iswid,US 11012,Gebäude,?
317,,Iswid,US 11067,Gebäude,?
318,,Iswid,US 12025,Gebäude,?
319,,Iswid,US 12040,Gebäude,?
320,,Iswid,US 12047,Gebäude,?
321,,Iswid,US 12504,Gebäude,?
322,,Iswid,US 13017,Gebäude,?
323,,Iswid,US 13065,Gebäude,?
324,,Iswid,US 13066,Gebäude,?
325,,Iswid,US 13083,Gebäude,?
326,,Iswid,US 13099,Gebäude,?
327,,Iswid,US 13145,Gebäude,?
328,,Iswid,US 13516,Gebäude,?
329,,Iswid,US 13526,Gebäude,?
330,,Iswid,US 13572,Gebäude,?
331,,Iswid,US 13610,Gebäude,?
332,,Iswid,US 13632,Gebäude,?
333,,Iswid,US 13639,Gebäude,?
334,,Iswid,US 13657,Gebäude,?
335,,Iswid,US 13705,Gebäude,?
336,,Iswid,US 13791,Gebäude,?
337,,Iswid,US 13791 (3),Gebäude,?
338,,Iswid,US 13802,Gebäude,?
339,,Iswid,US 13971,Gebäude,?
340,,Iswid,US 14021,Gebäude,?
341,,Iswid,US 14038,Gebäude,?
342,,Iswid,US 14050,Gebäude,?
343,,Iswid,US 14078,Gebäude,?
344,,Iswid,US 14131,Gebäude,?
345,,Iswid,US 14158,Gebäude,?
346,,Iswid,US 14418,Gebäude,?
347,,Iswid,US 14495,Gebäude,yes
348,,Iswid,US 14509,Gebäude,?
349,,Iswid,US 14636,Gebäude,yes
350,,Iswid,US 15067,Gebäude,?
351,,Iswid,US 15071,Gebäude,?
352,,Iswid,US 15108,Gebäude,?
353,,Iswid,US 15140,Gebäude,?
354,,Iswid,US 16183,Gebäude,?
355,,Iswid,US 16287_F4185 (TR.),Gebäude,?
356,,Iswid,US 16323_F4199(foye,Gebäude,?
357,,Iswid,US 6712,Gebäude,?
358,,Iswid,US 6773,Gebäude,?
359,,Iswid,US 6803,Gebäude,?
360,,Iswid,US 6810,Gebäude,?
361,,Iswid,US 6827,Gebäude,?
362,,Iswid,US 6854,Gebäude,?
363,,Iswid,US 6863,Gebäude,?
364,,Iswid,US 6875,Gebäude,?
365,,Iswid,US 9036,Gebäude,yes
366,,Iswid,US 9200,Gebäude,?
367,,Iswid,US 9321,Gebäude,?
368,,Iswid,US 9404_foyer 2093,Gebäude,?
369,,Iswid,US 9519,Gebäude,?
370,,Iswid,US 9859/9860,Gebäude,?
371,,Iswid,US 9870_foyer2163,Gebäude,?
372,,Iswid,US 9880_foyer 2166,Gebäude,?
373,,18_0025,P16,okBefu,X
374,,18_0025,P18,okBefu,X
375,,18_0025,P20,okBefu,X
376,,18_0025,P5,okBefu,X
377,,18_0025,P6,okBefu,X
378,,19_0013,A11148,okBefu,X
379,,19_0013,A479,okBefu,X
380,,19_0013,A6214,okBefu,X
381,,19_0013,A8090,okBefu,X
382,,19_0013,A9063,okBefu,X
383,,19_0014,A10143,okBefu,X
384,,19_0014,A10153,okBefu,X
385,,19_0014,A10189,okBefu,X
386,,19_0014,A10229,okBefu,X
387,,19_0014,A10697,okBefu,X
388,,19_0014,A10990,okBefu,X
389,,19_0014,A11339,okBefu,X
390,,19_0014,A1196,okBefu,X
391,,19_0014,A12024,okBefu,X
392,,19_0014,A12034,okBefu,X
393,,19_0014,A12435,okBefu,X
394,,19_0014,A13064,okBefu,X
395,,19_0014,A13200,okBefu,X
396,,19_0014,A13299,okBefu,X
397,,19_0014,A13837,okBefu,X
398,,19_0014,A15333,okBefu,X
399,,19_0014,A15344,okBefu,X
400,,19_0014,A15554,okBefu,X
401,,19_0014,A15736,okBefu,X
402,,19_0014,A16771,okBefu,X
403,,19_0014,A16783,okBefu,X
404,,19_0014,A17294,okBefu,X
405,,19_0014,A1875,okBefu,X
406,,19_0014,A1931,okBefu,X
407,,19_0014,A1998,okBefu,X
408,,19_0014,A2019,okBefu,X
409,,19_0014,A2029,okBefu,X
410,,19_0014,A2114,okBefu,X
411,,19_0014,A3019,okBefu,X
412,,19_0014,A3170,okBefu,X
413,,19_0014,A3650,okBefu,X
414,,19_0014,A4115,okBefu,X
415,,19_0014,A4365,okBefu,X
416,,19_0014,A5192,okBefu,X
417,,19_0014,A5213,okBefu,X
418,,19_0014,A5223,okBefu,X
419,,19_0014,A5254,okBefu,X
420,,19_0014,A5282,okBefu,X
421,,19_0014,A5294,okBefu,X
422,,19_0014,A5307,okBefu,X
423,,19_0014,A5334,okBefu,X
424,,19_0014,A6041,okBefu,X
425,,19_0014,A6135,okBefu,X
426,,19_0014,A6146,okBefu,X
427,,19_0014,A6157,okBefu,X
428,,19_0014,A6178,okBefu,X
429,,19_0014,A6194,okBefu,X
430,,19_0014,A7199,okBefu,X
431,,19_0014,A7253,okBefu,X
432,,19_0014,A7263,okBefu,X
433,,19_0014,A7294,okBefu,X
434,,19_0014,A7306,okBefu,X
435,,19_0014,A785,okBefu,X
436,,19_0014,A8079,okBefu,X
437,,19_0014,A8103,okBefu,X
438,,19_0014,A8114,okBefu,X
439,,19_0014,A8142,okBefu,X
440,,19_0014,A8178,okBefu,X
441,,19_0014,A8189,okBefu,X
442,,19_0014,A8234,okBefu,X
443,,19_0014,A9000,okBefu,X
444,,19_0014,A9052,okBefu,X
445,,19_0014,A9075,okBefu,X
446,,19_0014,A9111,okBefu,X
447,,19_0014,A9126,okBefu,X
448,,19_0014,A9199,okBefu,X
449,,19_0014,A957,okBefu,X
450,,19_0014,A973,okBefu,X
451,,19_0014,A9847,okBefu,X
452,,22_0005,11200,okBefu,X
453,,22_0005,11201,okBefu,X
454,,22_0005,11221,okBefu,X
455,,22_0005,12026,okBefu,X
456,,22_0005,200125,okBefu,X
457,,22_0005,200149,okBefu,X
458,,22_0005,200177,okBefu,X
459,,22_0005,200473,okBefu,X
460,,22_0005,200475,okBefu,X
461,,22_0005,23362,okBefu,X
462,,22_0005,23434,okBefu,X
463,,22_0005,23491,okBefu,X
464,,22_0005,23988,okBefu,X
465,,22_0015,A2076,okBefu,X
466,,22_0015,A2154,okBefu,X
467,,22_0015,A2874 G2976,okBefu,X
468,,22_0015,A4796,okBefu,X
469,,22_0015,M153 St 1,okBefu,X
470,,22_0015,M153 St 2,okBefu,X
471,,22_0015,M160 St 1,okBefu,X
472,,22_0015,M167 St 1,okBefu,X
473,,22_0015,M167 St 2,okBefu,X
474,,22_0015,M167 St 3,okBefu,X
475,,22_0015,M167 St 4,okBefu,X
476,,22_0015,M32 Undre del,okBefu,X
477,,22_0015,M32 Övre del,okBefu,X
478,,22_0015,M99 A5085,okBefu,X
479,,DanaBunar2,31,okBefu,X
480,,DanaBunar2,32,okBefu,X
481,,DanaBunar2,33,okBefu,X
482,,DanaBunar2,37,okBefu,X
483,,DanaBunar2,38,okBefu,X
484,,DanaBunar2,39,okBefu,X
485,,DanaBunar2,41,okBefu,X
486,,DanaBunar2,42,okBefu,X
487,,DanaBunar2,44,okBefu,X
488,,DanaBunar2,46,okBefu,X
489,,DanaBunar2,47,okBefu,X
490,,DanaBunar2,55,okBefu,X
491,,DanaBunar2,58,okBefu,X
492,,DanaBunar2,64,okBefu,X
493,,Iswid,2709_fond,okBefu,X
494,,Iswid,2905 fond,okBefu,X
495,,Iswid,2913 fond,okBefu,X
496,,Iswid,foyer 2174,okBefu,X
497,,Iswid,US 10503,okBefu,X
498,,Iswid,US 10521,okBefu,X
499,,Iswid,US 10534,okBefu,X
500,,Iswid,US 10610,okBefu,X
501,,Iswid,US 11004,okBefu,X
502,,Iswid,US 11012,okBefu,X
503,,Iswid,US 11067,okBefu,X
504,,Iswid,US 12025,okBefu,X
505,,Iswid,US 12040,okBefu,X
506,,Iswid,US 12047,okBefu,X
507,,Iswid,US 12504,okBefu,X
508,,Iswid,US 13017,okBefu,X
509,,Iswid,US 13065,okBefu,X
510,,Iswid,US 13066,okBefu,X
511,,Iswid,US 13083,okBefu,X
512,,Iswid,US 13099,okBefu,X
513,,Iswid,US 13145,okBefu,X
514,,Iswid,US 13516,okBefu,X
515,,Iswid,US 13526,okBefu,X
516,,Iswid,US 13572,okBefu,X
517,,Iswid,US 13610,okBefu,X
518,,Iswid,US 13632,okBefu,X
519,,Iswid,US 13639,okBefu,X
520,,Iswid,US 13657,okBefu,X
521,,Iswid,US 13705,okBefu,X
522,,Iswid,US 13791,okBefu,X
523,,Iswid,US 13791 (3),okBefu,X
524,,Iswid,US 13802,okBefu,X
525,,Iswid,US 13971,okBefu,X
526,,Iswid,US 14021,okBefu,X
527,,Iswid,US 14038,okBefu,X
528,,Iswid,US 14050,okBefu,X
529,,Iswid,US 14078,okBefu,X
530,,Iswid,US 14131,okBefu,X
531,,Iswid,US 14158,okBefu,X
532,,Iswid,US 14418,okBefu,X
533,,Iswid,US 14495,okBefu,X
534,,Iswid,US 14509,okBefu,X
535,,Iswid,US 14636,okBefu,X
536,,Iswid,US 15067,okBefu,X
537,,Iswid,US 15071,okBefu,X
538,,Iswid,US 15108,okBefu,X
539,,Iswid,US 15140,okBefu,X
540,,Iswid,US 16183,okBefu,X
541,,Iswid,US 16287_F4185 (TR.),okBefu,X
542,,Iswid,US 16323_F4199(foye,okBefu,X
543,,Iswid,US 6712,okBefu,X
544,,Iswid,US 6773,okBefu,X
545,,Iswid,US 6803,okBefu,X
546,,Iswid,US 6810,okBefu,X
547,,Iswid,US 6827,okBefu,X
548,,Iswid,US 6854,okBefu,X
549,,Iswid,US 6863,okBefu,X
550,,Iswid,US 6875,okBefu,X
551,,Iswid,US 9036,okBefu,X
552,,Iswid,US 9200,okBefu,X
553,,Iswid,US 9321,okBefu,X
554,,Iswid,US 9404_foyer 2093,okBefu,X
555,,Iswid,US 9519,okBefu,X
556,,Iswid,US 9859/9860,okBefu,X
557,,Iswid,US 9870_foyer2163,okBefu,X
558,,Iswid,US 9880_foyer 2166,okBefu,X
559,,18_0025,P16,okErh,mittel
560,,18_0025,P18,okErh,mittel
561,,18_0025,P20,okErh,mittel
562,,18_0025,P5,okErh,mittel
563,,18_0025,P6,okErh,mittel
564,,19_0013,A11148,okErh,mittel
565,,19_0013,A479,okErh,mittel
566,,19_0013,A6214,okErh,mittel
567,,19_0013,A8090,okErh,mittel
568,,19_0013,A9063,okErh,mittel
569,,19_0014,A10143,okErh,mittel
570,,19_0014,A10153,okErh,mittel
571,,19_0014,A10189,okErh,mittel
572,,19_0014,A10229,okErh,mittel
573,,19_0014,A10697,okErh,mittel
574,,19_0014,A10990,okErh,mittel
575,,19_0014,A11339,okErh,mittel
576,,19_0014,A1196,okErh,mittel
577,,19_0014,A12024,okErh,mittel
578,,19_0014,A12034,okErh,mittel
579,,19_0014,A12435,okErh,mittel
580,,19_0014,A13064,okErh,mittel
581,,19_0014,A13200,okErh,mittel
582,,19_0014,A13299,okErh,mittel
583,,19_0014,A13837,okErh,mittel
584,,19_0014,A15333,okErh,mittel
585,,19_0014,A15344,okErh,mittel
586,,19_0014,A15554,okErh,mittel
587,,19_0014,A15736,okErh,mittel
588,,19_0014,A16771,okErh,mittel
589,,19_0014,A16783,okErh,mittel
590,,19_0014,A17294,okErh,mittel
591,,19_0014,A1875,okErh,mittel
592,,19_0014,A1931,okErh,mittel
593,,19_0014,A1998,okErh,mittel
594,,19_0014,A2019,okErh,mittel
595,,19_0014,A2029,okErh,mittel
596,,19_0014,A2114,okErh,mittel
597,,19_0014,A3019,okErh,mittel
598,,19_0014,A3170,okErh,mittel
599,,19_0014,A3650,okErh,mittel
600,,19_0014,A4115,okErh,mittel
601,,19_0014,A4365,okErh,mittel
602,,19_0014,A5192,okErh,mittel
603,,19_0014,A5213,okErh,mittel
604,,19_0014,A5223,okErh,mittel
605,,19_0014,A5254,okErh,mittel
606,,19_0014,A5282,okErh,mittel
607,,19_0014,A5294,okErh,mittel
608,,19_0014,A5307,okErh,mittel
609,,19_0014,A5334,okErh,mittel
610,,19_0014,A6041,okErh,mittel
611,,19_0014,A6135,okErh,mittel
612,,19_0014,A6146,okErh,mittel
613,,19_0014,A6157,okErh,mittel
614,,19_0014,A6178,okErh,mittel
615,,19_0014,A6194,okErh,mittel
616,,19_0014,A7199,okErh,mittel
617,,19_0014,A7253,okErh,mittel
618,,19_0014,A7263,okErh,mittel
619,,19_0014,A7294,okErh,mittel
620,,19_0014,A7306,okErh,mittel
621,,19_0014,A785,okErh,mittel
622,,19_0014,A8079,okErh,mittel
623,,19_0014,A8103,okErh,mittel
624,,19_0014,A8114,okErh,mittel
625,,19_0014,A8142,okErh,mittel
626,,19_0014,A8178,okErh,mittel
627,,19_0014,A8189,okErh,mittel
628,,19_0014,A8234,okErh,mittel
629,,19_0014,A9000,okErh,mittel
630,,19_0014,A9052,okErh,mittel
631,,19_0014,A9075,okErh,mittel
632,,19_0014,A9111,okErh,mittel
633,,19_0014,A9126,okErh,mittel
634,,19_0014,A9199,okErh,mittel
635,,19_0014,A957,okErh,mittel
636,,19_0014,A973,okErh,mittel
637,,19_0014,A9847,okErh,mittel
638,,22_0005,11200,okErh,mittel
639,,22_0005,11201,okErh,mittel
640,,22_0005,11221,okErh,mittel
641,,22_0005,12026,okErh,mittel
642,,22_0005,200125,okErh,mittel
643,,22_0005,200149,okErh,mittel
644,,22_0005,200177,okErh,mittel
645,,22_0005,200473,okErh,mittel
646,,22_0005,200475,okErh,mittel
647,,22_0005,23362,okErh,mittel
648,,22_0005,23434,okErh,mittel
649,,22_0005,23491,okErh,mittel
650,,22_0005,23988,okErh,mittel
651,,22_0015,A2076,okErh,schlecht
652,,22_0015,A2154,okErh,schlecht
653,,22_0015,A2874 G2976,okErh,schlecht
654,,22_0015,A4796,okErh,schlecht
655,,22_0015,M153 St 1,okErh,schlecht
656,,22_0015,M153 St 2,okErh,schlecht
657,,22_0015,M160 St 1,okErh,schlecht
658,,22_0015,M167 St 1,okErh,schlecht
659,,22_0015,M167 St 2,okErh,schlecht
660,,22_0015,M167 St 3,okErh,schlecht
661,,22_0015,M167 St 4,okErh,schlecht
662,,22_0015,M32 Undre del,okErh,schlecht
663,,22_0015,M32 Övre del,okErh,schlecht
664,,22_0015,M99 A5085,okErh,schlecht
665,,DanaBunar2,31,okErh,mittel
666,,DanaBunar2,32,okErh,mittel
667,,DanaBunar2,33,okErh,mittel
668,,DanaBunar2,37,okErh,mittel
669,,DanaBunar2,38,okErh,mittel
670,,DanaBunar2,39,okErh,mittel
671,,DanaBunar2,41,okErh,mittel
672,,DanaBunar2,42,okErh,mittel
673,,DanaBunar2,44,okErh,mittel
674,,DanaBunar2,46,okErh,mittel
675,,DanaBunar2,47,okErh,mittel
676,,DanaBunar2,55,okErh,mittel
677,,DanaBunar2,58,okErh,mittel
678,,DanaBunar2,64,okErh,mittel
679,,Iswid,2709_fond,okErh,mittel
680,,Iswid,2905 fond,okErh,schlecht
681,,Iswid,2913 fond,okErh,schlecht
682,,Iswid,foyer 2174,okErh,mittel
683,,Iswid,US 10503,okErh,mittel
684,,Iswid,US 10521,okErh,mittel
685,,Iswid,US 10534,okErh,schlecht
686,,Iswid,US 10610,okErh,schlecht
687,,Iswid,US 11004,okErh,mittel
688,,Iswid,US 11012,okErh,schlecht
689,,Iswid,US 11067,okErh,mittel
690,,Iswid,US 12025,okErh,mittel
691,,Iswid,US 12040,okErh,mittel
692,,Iswid,US 12047,okErh,schlecht
693,,Iswid,US 12504,okErh,gut
694,,Iswid,US 13017,okErh,schlecht
695,,Iswid,US 13065,okErh,mittel
696,,Iswid,US 13066,okErh,mittel
697,,Iswid,US 13083,okErh,gut
698,,Iswid,US 13099,okErh,schlecht
699,,Iswid,US 13145,okErh,mittel
700,,Iswid,US 13516,okErh,mittel
701,,Iswid,US 13526,okErh,mittel
702,,Iswid,US 13572,okErh,schlecht
703,,Iswid,US 13610,okErh,schlecht
704,,Iswid,US 13632,okErh,schlecht
705,,Iswid,US 13639,okErh,schlecht
706,,Iswid,US 13657,okErh,schlecht
707,,Iswid,US 13705,okErh,schlecht
708,,Iswid,US 13791,okErh,schlecht
709,,Iswid,US 13791 (3),okErh,mittel
710,,Iswid,US 13802,okErh,schlecht
711,,Iswid,US 13971,okErh,mittel
712,,Iswid,US 14021,okErh,mittel
713,,Iswid,US 14038,okErh,mittel
714,,Iswid,US 14050,okErh,mittel
715,,Iswid,US 14078,okErh,mittel
716,,Iswid,US 14131,okErh,mittel
717,,Iswid,US 14158,okErh,schlecht
718,,Iswid,US 14418,okErh,mittel
719,,Iswid,US 14495,okErh,mittel
720,,Iswid,US 14509,okErh,mittel
721,,Iswid,US 14636,okErh,mittel
722,,Iswid,US 15067,okErh,mittel
723,,Iswid,US 15071,okErh,mittel
724,,Iswid,US 15108,okErh,mittel
725,,Iswid,US 15140,okErh,mittel
726,,Iswid,US 16183,okErh,mittel
727,,Iswid,US 16287_F4185 (TR.),okErh,mittel
728,,Iswid,US 16323_F4199(foye,okErh,mittel
729,,Iswid,US 6712,okErh,mittel
730,,Iswid,US 6773,okErh,schlecht
731,,Iswid,US 6803,okErh,mittel
732,,Iswid,US 6810,okErh,mittel
733,,Iswid,US 6827,okErh,mittel
734,,Iswid,US 6854,okErh,schlecht
735,,Iswid,US 6863,okErh,schlecht
736,,Iswid,US 6875,okErh,mittel
737,,Iswid,US 9036,okErh,mittel
738,,Iswid,US 9200,okErh,mittel
739,,Iswid,US 9321,okErh,gut
740,,Iswid,US 9404_foyer 2093,okErh,schlecht
741,,Iswid,US 9519,okErh,mittel
742,,Iswid,US 9859/9860,okErh,schlecht
743,,Iswid,US 9870_foyer2163,okErh,schlecht
744,,Iswid,US 9880_foyer 2166,okErh,gut
745,,18_0025,P16,BestJa,
746,,18_0025,P18,BestJa,
747,,18_0025,P20,BestJa,
748,,18_0025,P5,BestJa,
749,,18_0025,P6,BestJa,
750,,19_0013,A11148,BestJa,
751,,19_0013,A479,BestJa,
752,,19_0013,A6214,BestJa,
753,,19_0013,A8090,BestJa,
754,,19_0013,A9063,BestJa,
755,,19_0014,A10143,BestJa,
756,,19_0014,A10153,BestJa,
757,,19_0014,A10189,BestJa,
758,,19_0014,A10229,BestJa,
759,,19_0014,A10697,BestJa,
760,,19_0014,A10990,BestJa,
761,,19_0014,A11339,BestJa,
762,,19_0014,A1196,BestJa,
763,,19_0014,A12024,BestJa,
764,,19_0014,A12034,BestJa,
765,,19_0014,A12435,BestJa,
766,,19_0014,A13064,BestJa,
767,,19_0014,A13200,BestJa,
768,,19_0014,A13299,BestJa,
769,,19_0014,A13837,BestJa,
770,,19_0014,A15333,BestJa,
771,,19_0014,A15344,BestJa,
772,,19_0014,A15554,BestJa,
773,,19_0014,A15736,BestJa,
774,,19_0014,A16771,BestJa,
775,,19_0014,A16783,BestJa,
776,,19_0014,A17294,BestJa,
777,,19_0014,A1875,BestJa,
778,,19_0014,A1931,BestJa,
779,,19_0014,A1998,BestJa,
780,,19_0014,A2019,BestJa,
781,,19_0014,A2029,BestJa,
782,,19_0014,A2114,BestJa,
783,,19_0014,A3019,BestJa,
784,,19_0014,A3170,BestJa,
785,,19_0014,A3650,BestJa,
786,,19_0014,A4115,BestJa,
787,,19_0014,A4365,BestJa,
788,,19_0014,A5192,BestJa,
789,,19_0014,A5213,BestJa,
790,,19_0014,A5223,BestJa,
791,,19_0014,A5254,BestJa,
792,,19_0014,A5282,BestJa,
793,,19_0014,A5294,BestJa,
794,,19_0014,A5307,BestJa,
795,,19_0014,A5334,BestJa,
796,,19_0014,A6041,BestJa,
797,,19_0014,A6135,BestJa,
798,,19_0014,A6146,BestJa,
799,,19_0014,A6157,BestJa,
800,,19_0014,A6178,BestJa,
801,,19_0014,A6194,BestJa,
802,,19_0014,A7199,BestJa,
803,,19_0014,A7253,BestJa,
804,,19_0014,A7263,BestJa,
805,,19_0014,A7294,BestJa,
806,,19_0014,A7306,BestJa,
807,,19_0014,A785,BestJa,
808,,19_0014,A8079,BestJa,
809,,19_0014,A8103,BestJa,
810,,19_0014,A8114,BestJa,
811,,19_0014,A8142,BestJa,
812,,19_0014,A8178,BestJa,
813,,19_0014,A8189,BestJa,
814,,19_0014,A8234,BestJa,
815,,19_0014,A9000,BestJa,
816,,19_0014,A9052,BestJa,
817,,19_0014,A9075,BestJa,
818,,19_0014,A9111,BestJa,
819,,19_0014,A9126,BestJa,
820,,19_0014,A9199,BestJa,
821,,19_0014,A957,BestJa,
822,,19_0014,A973,BestJa,
823,,19_0014,A9847,BestJa,
824,,22_0005,11200,BestJa,
825,,22_0005,11201,BestJa,
826,,22_0005,11221,BestJa,
827,,22_0005,12026,BestJa,
828,,22_0005,200125,BestJa,
829,,22_0005,200149,BestJa,
830,,22_0005,200177,BestJa,
831,,22_0005,200473,BestJa,
832,,22_0005,200475,BestJa,
833,,22_0005,23362,BestJa,
834,,22_0005,23434,BestJa,
835,,22_0005,23491,BestJa,
836,,22_0005,23988,BestJa,
837,,22_0015,A2076,BestJa,2022.0
838,,22_0015,A2154,BestJa,2022.0
839,,22_0015,A2874 G2976,BestJa,2022.0
840,,22_0015,A4796,BestJa,2022.0
841,,22_0015,M153 St 1,BestJa,2022.0
842,,22_0015,M153 St 2,BestJa,2022.0
843,,22_0015,M160 St 1,BestJa,2022.0
844,,22_0015,M167 St 1,BestJa,
845,,22_0015,M167 St 2,BestJa,
846,,22_0015,M167 St 3,BestJa,2022.0
847,,22_0015,M167 St 4,BestJa,
848,,22_0015,M32 Undre del,BestJa,2022.0
849,,22_0015,M32 Övre del,BestJa,2022.0
850,,22_0015,M99 A5085,BestJa,2022.0
851,,DanaBunar2,31,BestJa,
852,,DanaBunar2,32,BestJa,
853,,DanaBunar2,33,BestJa,
854,,DanaBunar2,37,BestJa,
855,,DanaBunar2,38,BestJa,
856,,DanaBunar2,39,BestJa,
857,,DanaBunar2,41,BestJa,
858,,DanaBunar2,42,BestJa,
859,,DanaBunar2,44,BestJa,
860,,DanaBunar2,46,BestJa,
861,,DanaBunar2,47,BestJa,
862,,DanaBunar2,55,BestJa,
863,,DanaBunar2,58,BestJa,
864,,DanaBunar2,64,BestJa,
865,,Iswid,2709_fond,BestJa,2013.0
866,,Iswid,2905 fond,BestJa,2014.0
867,,Iswid,2913 fond,BestJa,2014.0
868,,Iswid,foyer 2174,BestJa,2014.0
869,,Iswid,US 10503,BestJa,2013.0
870,,Iswid,US 10521,BestJa,2014.0
871,,Iswid,US 10534,BestJa,2014.0
872,,Iswid,US 10610,BestJa,2014.0
873,,Iswid,US 11004,BestJa,2014.0
874,,Iswid,US 11012,BestJa,2014.0
875,,Iswid,US 11067,BestJa,
876,,Iswid,US 12025,BestJa,2014.0
877,,Iswid,US 12040,BestJa,2014.0
878,,Iswid,US 12047,BestJa,2013.0
879,,Iswid,US 12504,BestJa,2014.0
880,,Iswid,US 13017,BestJa,2017.0
881,,Iswid,US 13065,BestJa,2016.0
882,,Iswid,US 13066,BestJa,
883,,Iswid,US 13083,BestJa,2016.0
884,,Iswid,US 13099,BestJa,
885,,Iswid,US 13145,BestJa,2916.0
886,,Iswid,US 13516,BestJa,2016.0
887,,Iswid,US 13526,BestJa,2016.0
888,,Iswid,US 13572,BestJa,2016.0
889,,Iswid,US 13610,BestJa,2016.0
890,,Iswid,US 13632,BestJa,2016.0
891,,Iswid,US 13639,BestJa,2016.0
892,,Iswid,US 13657,BestJa,
893,,Iswid,US 13705,BestJa,2016.0
894,,Iswid,US 13791,BestJa,2016.0
895,,Iswid,US 13791 (3),BestJa,2016.0
896,,Iswid,US 13802,BestJa,2016.0
897,,Iswid,US 13971,BestJa,2016.0
898,,Iswid,US 14021,BestJa,2016.0
899,,Iswid,US 14038,BestJa,
900,,Iswid,US 14050,BestJa,
901,,Iswid,US 14078,BestJa,2017.0
902,,Iswid,US 14131,BestJa,
903,,Iswid,US 14158,BestJa,2016.0
904,,Iswid,US 14418,BestJa,2017.0
905,,Iswid,US 14495,BestJa,2917.0
906,,Iswid,US 14509,BestJa,2016.0
907,,Iswid,US 14636,BestJa,2017.0
908,,Iswid,US 15067,BestJa,2017.0
909,,Iswid,US 15071,BestJa,2017.0
910,,Iswid,US 15108,BestJa,2017.0
911,,Iswid,US 15140,BestJa,2017.0
912,,Iswid,US 16183,BestJa,2017.0
913,,Iswid,US 16287_F4185 (TR.),BestJa,2017.0
914,,Iswid,US 16323_F4199(foye,BestJa,2017.0
915,,Iswid,US 6712,BestJa,2014.0
916,,Iswid,US 6773,BestJa,2014.0
917,,Iswid,US 6803,BestJa,2014.0
918,,Iswid,US 6810,BestJa,2013.0
919,,Iswid,US 6827,BestJa,2013.0
920,,Iswid,US 6854,BestJa,2013.0
921,,Iswid,US 6863,BestJa,2014.0
922,,Iswid,US 6875,BestJa,2013.0
923,,Iswid,US 9036,BestJa,2013.0
924,,Iswid,US 9200,BestJa,2013.0
925,,Iswid,US 9321,BestJa,2014.0
926,,Iswid,US 9404_foyer 2093,BestJa,2014.0
927,,Iswid,US 9519,BestJa,2014.0
928,,Iswid,US 9859/9860,BestJa,2013.0
929,,Iswid,US 9870_foyer2163,BestJa,2014.0
930,,Iswid,US 9880_foyer 2166,BestJa,2014.0
931,,18_0025,P16,FlSchn,
932,,18_0025,P18,FlSchn,
933,,18_0025,P20,FlSchn,
934,,18_0025,P5,FlSchn,
935,,18_0025,P6,FlSchn,
936,,19_0013,A11148,FlSchn,
937,,19_0013,A479,FlSchn,
938,,19_0013,A6214,FlSchn,
939,,19_0013,A8090,FlSchn,
940,,19_0013,A9063,FlSchn,
941,,19_0014,A10143,FlSchn,
942,,19_0014,A10153,FlSchn,
943,,19_0014,A10189,FlSchn,
944,,19_0014,A10229,FlSchn,
945,,19_0014,A10697,FlSchn,
946,,19_0014,A10990,FlSchn,
947,,19_0014,A11339,FlSchn,
948,,19_0014,A1196,FlSchn,
949,,19_0014,A12024,FlSchn,
950,,19_0014,A12034,FlSchn,
951,,19_0014,A12435,FlSchn,
952,,19_0014,A13064,FlSchn,
953,,19_0014,A13200,FlSchn,
954,,19_0014,A13299,FlSchn,
955,,19_0014,A13837,FlSchn,
956,,19_0014,A15333,FlSchn,
957,,19_0014,A15344,FlSchn,
958,,19_0014,A15554,FlSchn,
959,,19_0014,A15736,FlSchn,
960,,19_0014,A16771,FlSchn,
961,,19_0014,A16783,FlSchn,
962,,19_0014,A17294,FlSchn,
963,,19_0014,A1875,FlSchn,
964,,19_0014,A1931,FlSchn,
965,,19_0014,A1998,FlSchn,
966,,19_0014,A2019,FlSchn,
967,,19_0014,A2029,FlSchn,
968,,19_0014,A2114,FlSchn,
969,,19_0014,A3019,FlSchn,
970,,19_0014,A3170,FlSchn,
971,,19_0014,A3650,FlSchn,
972,,19_0014,A4115,FlSchn,
973,,19_0014,A4365,FlSchn,
974,,19_0014,A5192,FlSchn,
975,,19_0014,A5213,FlSchn,
976,,19_0014,A5223,FlSchn,
977,,19_0014,A5254,FlSchn,
978,,19_0014,A5282,FlSchn,
979,,19_0014,A5294,FlSchn,
980,,19_0014,A5307,FlSchn,
981,,19_0014,A5334,FlSchn,
982,,19_0014,A6041,FlSchn,
983,,19_0014,A6135,FlSchn,
984,,19_0014,A6146,FlSchn,
985,,19_0014,A6157,FlSchn,
986,,19_0014,A6178,FlSchn,
987,,19_0014,A6194,FlSchn,
988,,19_0014,A7199,FlSchn,
989,,19_0014,A7253,FlSchn,
990,,19_0014,A7263,FlSchn,
991,,19_0014,A7294,FlSchn,
992,,19_0014,A7306,FlSchn,
993,,19_0014,A785,FlSchn,
994,,19_0014,A8079,FlSchn,
995,,19_0014,A8103,FlSchn,
996,,19_0014,A8114,FlSchn,
997,,19_0014,A8142,FlSchn,
998,,19_0014,A8178,FlSchn,
999,,19_0014,A8189,FlSchn,
1000,,19_0014,A8234,FlSchn,
1001,,19_0014,A9000,FlSchn,
1002,,19_0014,A9052,FlSchn,
1003,,19_0014,A9075,FlSchn,
1004,,19_0014,A9111,FlSchn,
1005,,19_0014,A9126,FlSchn,
1006,,19_0014,A9199,FlSchn,
1007,,19_0014,A957,FlSchn,
1008,,19_0014,A973,FlSchn,
1009,,19_0014,A9847,FlSchn,
1010,,22_0005,11200,FlSchn,
1011,,22_0005,11201,FlSchn,
1012,,22_0005,11221,FlSchn,
1013,,22_0005,12026,FlSchn,
1014,,22_0005,200125,FlSchn,
1015,,22_0005,200149,FlSchn,
1016,,22_0005,200177,FlSchn,
1017,,22_0005,200473,FlSchn,
1018,,22_0005,200475,FlSchn,
1019,,22_0005,23362,FlSchn,
1020,,22_0005,23434,FlSchn,
1021,,22_0005,23491,FlSchn,
1022,,22_0005,23988,FlSchn,
1023,,22_0015,A2076,FlSchn,
1024,,22_0015,A2154,FlSchn,
1025,,22_0015,A2874 G2976,FlSchn,
1026,,22_0015,A4796,FlSchn,
1027,,22_0015,M153 St 1,FlSchn,
1028,,22_0015,M153 St 2,FlSchn,
1029,,22_0015,M160 St 1,FlSchn,
1030,,22_0015,M167 St 1,FlSchn,
1031,,22_0015,M167 St 2,FlSchn,
1032,,22_0015,M167 St 3,FlSchn,
1033,,22_0015,M167 St 4,FlSchn,
1034,,22_0015,M32 Undre del,FlSchn,
1035,,22_0015,M32 Övre del,FlSchn,
1036,,22_0015,M99 A5085,FlSchn,
1037,,DanaBunar2,31,FlSchn,
1038,,DanaBunar2,32,FlSchn,
1039,,DanaBunar2,33,FlSchn,
1040,,DanaBunar2,37,FlSchn,
1041,,DanaBunar2,38,FlSchn,
1042,,DanaBunar2,39,FlSchn,
1043,,DanaBunar2,41,FlSchn,
1044,,DanaBunar2,42,FlSchn,
1045,,DanaBunar2,44,FlSchn,
1046,,DanaBunar2,46,FlSchn,
1047,,DanaBunar2,47,FlSchn,
1048,,DanaBunar2,55,FlSchn,
1049,,DanaBunar2,58,FlSchn,
1050,,DanaBunar2,64,FlSchn,
1051,,Iswid,2709_fond,FlSchn,
1052,,Iswid,2905 fond,FlSchn,
1053,,Iswid,2913 fond,FlSchn,
1054,,Iswid,foyer 2174,FlSchn,
1055,,Iswid,US 10503,FlSchn,
1056,,Iswid,US 10521,FlSchn,
1057,,Iswid,US 10534,FlSchn,
1058,,Iswid,US 10610,FlSchn,
1059,,Iswid,US 11004,FlSchn,
1060,,Iswid,US 11012,FlSchn,
1061,,Iswid,US 11067,FlSchn,
1062,,Iswid,US 12025,FlSchn,
1063,,Iswid,US 12040,FlSchn,
1064,,Iswid,US 12047,FlSchn,
1065,,Iswid,US 12504,FlSchn,
1066,,Iswid,US 13017,FlSchn,
1067,,Iswid,US 13065,FlSchn,
1068,,Iswid,US 13066,FlSchn,
1069,,Iswid,US 13083,FlSchn,
1070,,Iswid,US 13099,FlSchn,
1071,,Iswid,US 13145,FlSchn,
1072,,Iswid,US 13516,FlSchn,
1073,,Iswid,US 13526,FlSchn,
1074,,Iswid,US 13572,FlSchn,
1075,,Iswid,US 13610,FlSchn,
1076,,Iswid,US 13632,FlSchn,
1077,,Iswid,US 13639,FlSchn,
1078,,Iswid,US 13657,FlSchn,
1079,,Iswid,US 13705,FlSchn,
1080,,Iswid,US 13791,FlSchn,
1081,,Iswid,US 13791 (3),FlSchn,
1082,,Iswid,US 13802,FlSchn,
1083,,Iswid,US 13971,FlSchn,
1084,,Iswid,US 14021,FlSchn,
1085,,Iswid,US 14038,FlSchn,
1086,,Iswid,US 14050,FlSchn,
1087,,Iswid,US 14078,FlSchn,
1088,,Iswid,US 14131,FlSchn,
1089,,Iswid,US 14158,FlSchn,
1090,,Iswid,US 14418,FlSchn,
1091,,Iswid,US 14495,FlSchn,
1092,,Iswid,US 14509,FlSchn,
1093,,Iswid,US 14636,FlSchn,
1094,,Iswid,US 15067,FlSchn,
1095,,Iswid,US 15071,FlSchn,
1096,,Iswid,US 15108,FlSchn,
1097,,Iswid,US 15140,FlSchn,
1098,,Iswid,US 16183,FlSchn,
1099,,Iswid,US 16287_F4185 (TR.),FlSchn,
1100,,Iswid,US 16323_F4199(foye,FlSchn,
1101,,Iswid,US 6712,FlSchn,
1102,,Iswid,US 6773,FlSchn,
1103,,Iswid,US 6803,FlSchn,
1104,,Iswid,US 6810,FlSchn,
1105,,Iswid,US 6827,FlSchn,
1106,,Iswid,US 6854,FlSchn,
1107,,Iswid,US 6863,FlSchn,
1108,,Iswid,US 6875,FlSchn,
1109,,Iswid,US 9036,FlSchn,
1110,,Iswid,US 9200,FlSchn,
1111,,Iswid,US 9321,FlSchn,
1112,,Iswid,US 9404_foyer 2093,FlSchn,
1113,,Iswid,US 9519,FlSchn,
1114,,Iswid,US 9859/9860,FlSchn,
1115,,Iswid,US 9870_foyer2163,FlSchn,
1116,,Iswid,US 9880_foyer 2166,FlSchn,
1117,,18_0025,P16,EVNr,
1118,,18_0025,P18,EVNr,
1119,,18_0025,P20,EVNr,
1120,,18_0025,P5,EVNr,
1121,,18_0025,P6,EVNr,
1122,,19_0013,A11148,EVNr,224073
1123,,19_0013,A479,EVNr,224073
1124,,19_0013,A6214,EVNr,224073
1125,,19_0013,A8090,EVNr,224073
1126,,19_0013,A9063,EVNr,224073
1127,,19_0014,A10143,EVNr,224073
1128,,19_0014,A10153,EVNr,224073
1129,,19_0014,A10189,EVNr,224073
1130,,19_0014,A10229,EVNr,224073
1131,,19_0014,A10697,EVNr,224073
1132,,19_0014,A10990,EVNr,224073
1133,,19_0014,A11339,EVNr,224073
1134,,19_0014,A1196,EVNr,224073
1135,,19_0014,A12024,EVNr,224073
1136,,19_0014,A12034,EVNr,224073
1137,,19_0014,A12435,EVNr,224073
1138,,19_0014,A13064,EVNr,224073
1139,,19_0014,A13200,EVNr,224073
1140,,19_0014,A13299,EVNr,224073
1141,,19_0014,A13837,EVNr,224073
1142,,19_0014,A15333,EVNr,224073
1143,,19_0014,A15344,EVNr,224073
1144,,19_0014,A15554,EVNr,224073
1145,,19_0014,A15736,EVNr,224073
1146,,19_0014,A16771,EVNr,224073
1147,,19_0014,A16783,EVNr,224073
1148,,19_0014,A17294,EVNr,224073
1149,,19_0014,A1875,EVNr,224073
1150,,19_0014,A1931,EVNr,224073
1151,,19_0014,A1998,EVNr,224073
1152,,19_0014,A2019,EVNr,224073
1153,,19_0014,A2029,EVNr,224073
1154,,19_0014,A2114,EVNr,224073
1155,,19_0014,A3019,EVNr,224073
1156,,19_0014,A3170,EVNr,224073
1157,,19_0014,A3650,EVNr,224073
1158,,19_0014,A4115,EVNr,224073
1159,,19_0014,A4365,EVNr,224073
1160,,19_0014,A5192,EVNr,224073
1161,,19_0014,A5213,EVNr,224073
1162,,19_0014,A5223,EVNr,224073
1163,,19_0014,A5254,EVNr,224073
1164,,19_0014,A5282,EVNr,224073
1165,,19_0014,A5294,EVNr,224073
1166,,19_0014,A5307,EVNr,224073
1167,,19_0014,A5334,EVNr,224073
1168,,19_0014,A6041,EVNr,224073
1169,,19_0014,A6135,EVNr,224073
1170,,19_0014,A6146,EVNr,224073
1171,,19_0014,A6157,EVNr,224073
1172,,19_0014,A6178,EVNr,224073
1173,,19_0014,A6194,EVNr,224073
1174,,19_0014,A7199,EVNr,224073
1175,,19_0014,A7253,EVNr,224073
1176,,19_0014,A7263,EVNr,224073
1177,,19_0014,A7294,EVNr,224073
1178,,19_0014,A7306,EVNr,224073
1179,,19_0014,A785,EVNr,224073
1180,,19_0014,A8079,EVNr,224073
1181,,19_0014,A8103,EVNr,224073
1182,,19_0014,A8114,EVNr,224073
1183,,19_0014,A8142,EVNr,224073
1184,,19_0014,A8178,EVNr,224073
1185,,19_0014,A8189,EVNr,224073
1186,,19_0014,A8234,EVNr,224073
1187,,19_0014,A9000,EVNr,224073
1188,,19_0014,A9052,EVNr,224073
1189,,19_0014,A9075,EVNr,224073
1190,,19_0014,A9111,EVNr,224073
1191,,19_0014,A9126,EVNr,224073
1192,,19_0014,A9199,EVNr,224073
1193,,19_0014,A957,EVNr,224073
1194,,19_0014,A973,EVNr,224073
1195,,19_0014,A9847,EVNr,224073
1196,,22_0005,11200,EVNr,L1960:2928
1197,,22_0005,11201,EVNr,L1960:2928
1198,,22_0005,11221,EVNr,L1960:2928
1199,,22_0005,12026,EVNr,L1960:2928
1200,,22_0005,200125,EVNr,L1960:2928
1201,,22_0005,200149,EVNr,L1960:2928
1202,,22_0005,200177,EVNr,L1960:2928
1203,,22_0005,200473,EVNr,L1960:2928
1204,,22_0005,200475,EVNr,L1960:2928
1205,,22_0005,23362,EVNr,L1960:2928
1206,,22_0005,23434,EVNr,L1960:2928
1207,,22_0005,23491,EVNr,L1960:2928
1208,,22_0005,23988,EVNr,L1960:2928
1209,,22_0015,A2076,EVNr,L1969:1130
1210,,22_0015,A2154,EVNr,L1969:1130
1211,,22_0015,A2874 G2976,EVNr,L1969:1130
1212,,22_0015,A4796,EVNr,L1969:1130
1213,,22_0015,M153 St 1,EVNr,L1969:1130
1214,,22_0015,M153 St 2,EVNr,L1969:1130
1215,,22_0015,M160 St 1,EVNr,L1969:1130
1216,,22_0015,M167 St 1,EVNr,L1969:1130
1217,,22_0015,M167 St 2,EVNr,L1969:1130
1218,,22_0015,M167 St 3,EVNr,L1969:1130
1219,,22_0015,M167 St 4,EVNr,L1969:1130
1220,,22_0015,M32 Undre del,EVNr,L1969:1130
1221,,22_0015,M32 Övre del,EVNr,L1969:1130
1222,,22_0015,M99 A5085,EVNr,L1969:1130
1223,,DanaBunar2,31,EVNr,
1224,,DanaBunar2,32,EVNr,
1225,,DanaBunar2,33,EVNr,
1226,,DanaBunar2,37,EVNr,
1227,,DanaBunar2,38,EVNr,
1228,,DanaBunar2,39,EVNr,
1229,,DanaBunar2,41,EVNr,
1230,,DanaBunar2,42,EVNr,
1231,,DanaBunar2,44,EVNr,
1232,,DanaBunar2,46,EVNr,
1233,,DanaBunar2,47,EVNr,
1234,,DanaBunar2,55,EVNr,
1235,,DanaBunar2,58,EVNr,
1236,,DanaBunar2,64,EVNr,
1237,,Iswid,2709_fond,EVNr,
1238,,Iswid,2905 fond,EVNr,
1239,,Iswid,2913 fond,EVNr,
1240,,Iswid,foyer 2174,EVNr,
1241,,Iswid,US 10503,EVNr,
1242,,Iswid,US 10521,EVNr,
1243,,Iswid,US 10534,EVNr,
1244,,Iswid,US 10610,EVNr,
1245,,Iswid,US 11004,EVNr,
1246,,Iswid,US 11012,EVNr,
1247,,Iswid,US 11067,EVNr,
1248,,Iswid,US 12025,EVNr,
1249,,Iswid,US 12040,EVNr,
1250,,Iswid,US 12047,EVNr,
1251,,Iswid,US 12504,EVNr,
1252,,Iswid,US 13017,EVNr,
1253,,Iswid,US 13065,EVNr,
1254,,Iswid,US 13066,EVNr,
1255,,Iswid,US 13083,EVNr,
1256,,Iswid,US 13099,EVNr,
1257,,Iswid,US 13145,EVNr,
1258,,Iswid,US 13516,EVNr,
1259,,Iswid,US 13526,EVNr,
1260,,Iswid,US 13572,EVNr,
1261,,Iswid,US 13610,EVNr,
1262,,Iswid,US 13632,EVNr,
1263,,Iswid,US 13639,EVNr,
1264,,Iswid,US 13657,EVNr,
1265,,Iswid,US 13705,EVNr,
1266,,Iswid,US 13791,EVNr,
1267,,Iswid,US 13791 (3),EVNr,
1268,,Iswid,US 13802,EVNr,
1269,,Iswid,US 13971,EVNr,
1270,,Iswid,US 14021,EVNr,
1271,,Iswid,US 14038,EVNr,
1272,,Iswid,US 14050,EVNr,
1273,,Iswid,US 14078,EVNr,
1274,,Iswid,US 14131,EVNr,
1275,,Iswid,US 14158,EVNr,
1276,,Iswid,US 14418,EVNr,
1277,,Iswid,US 14495,EVNr,
1278,,Iswid,US 14509,EVNr,
1279,,Iswid,US 14636,EVNr,
1280,,Iswid,US 15067,EVNr,
1281,,Iswid,US 15071,EVNr,
1282,,Iswid,US 15108,EVNr,
1283,,Iswid,US 15140,EVNr,
1284,,Iswid,US 16183,EVNr,
1285,,Iswid,US 16287_F4185 (TR.),EVNr,
1286,,Iswid,US 16323_F4199(foye,EVNr,
1287,,Iswid,US 6712,EVNr,
1288,,Iswid,US 6773,EVNr,
1289,,Iswid,US 6803,EVNr,
1290,,Iswid,US 6810,EVNr,
1291,,Iswid,US 6827,EVNr,
1292,,Iswid,US 6854,EVNr,
1293,,Iswid,US 6863,EVNr,
1294,,Iswid,US 6875,EVNr,
1295,,Iswid,US 9036,EVNr,
1296,,Iswid,US 9200,EVNr,
1297,,Iswid,US 9321,EVNr,
1298,,Iswid,US 9404_foyer 2093,EVNr,
1299,,Iswid,US 9519,EVNr,
1300,,Iswid,US 9859/9860,EVNr,
1301,,Iswid,US 9870_foyer2163,EVNr,
1302,,Iswid,US 9880_foyer 2166,EVNr,
